"","id","biennium","url","relevancy"
"3226","WI_1997_REG_SB345",1997,"http://docs.legis.wisconsin.gov/document/proposaltext/1997/REG/SB345",0.750554101587345
"6085","WI_2003_REG_SB2",2003,"http://docs.legis.wisconsin.gov/document/proposaltext/2003/REG/SB2",0.749952857377603
"2089","WI_1997_REG_AB351",1997,"http://docs.legis.wisconsin.gov/document/proposaltext/1997/REG/AB351",0.74749498813682
"3111","WI_1997_REG_SB233",1997,"http://docs.legis.wisconsin.gov/document/proposaltext/1997/REG/SB233",0.74749498813682
"1719","WI_1997_AP8_AB1",1997,"http://docs.legis.wisconsin.gov/document/proposaltext/1997/AP8/AB1",0.743774075899047
"4861","WI_2001_REG_SB496",2001,"http://docs.legis.wisconsin.gov/document/proposaltext/2001/REG/SB496",0.736555844631689
"1644","WI_1995_REG_SB668",1995,"http://docs.legis.wisconsin.gov/document/proposaltext/1995/REG/SB668",0.730107248143827
"4693","WI_2001_REG_SB328",2001,"http://docs.legis.wisconsin.gov/document/proposaltext/2001/REG/SB328",0.72995744373876
"14842","WI_2013_REG_AB383",2013,"http://docs.legis.wisconsin.gov/document/proposaltext/2013/REG/AB383",0.72612720065043
"2388","WI_1997_REG_AB648",1997,"http://docs.legis.wisconsin.gov/document/proposaltext/1997/REG/AB648",0.723642944444799
"2104","WI_1997_REG_AB366",1997,"http://docs.legis.wisconsin.gov/document/proposaltext/1997/REG/AB366",0.719938678554916
"3050","WI_1997_REG_SB172",1997,"http://docs.legis.wisconsin.gov/document/proposaltext/1997/REG/SB172",0.719724866553448
"16162","WI_2013_REG_SB620",2013,"http://docs.legis.wisconsin.gov/document/proposaltext/2013/REG/SB620",0.719526975196872
"553","WI_1995_REG_AB817",1995,"http://docs.legis.wisconsin.gov/document/proposaltext/1995/REG/AB817",0.717580808018029
"2400","WI_1997_REG_AB660",1997,"http://docs.legis.wisconsin.gov/document/proposaltext/1997/REG/AB660",0.715156265223095
"3263","WI_1997_REG_SB382",1997,"http://docs.legis.wisconsin.gov/document/proposaltext/1997/REG/SB382",0.715156265223095
"10857","WI_2009_REG_AB75",2009,"http://docs.legis.wisconsin.gov/document/proposaltext/2009/REG/AB75",0.714548672867057
"5317","WI_2003_REG_AB367",2003,"http://docs.legis.wisconsin.gov/document/proposaltext/2003/REG/AB367",0.713876245813406
"8350","WI_2005_REG_SB289",2005,"http://docs.legis.wisconsin.gov/document/proposaltext/2005/REG/SB289",0.712382184527707
"10168","WI_2007_REG_SB115",2007,"http://docs.legis.wisconsin.gov/document/proposaltext/2007/REG/SB115",0.71209427654066
"4002","WI_2001_REG_AB746",2001,"http://docs.legis.wisconsin.gov/document/proposaltext/2001/REG/AB746",0.710756395343534
"14528","WI_2013_REG_AB70",2013,"http://docs.legis.wisconsin.gov/document/proposaltext/2013/REG/AB70",0.709835272955048
"15599","WI_2013_REG_SB59",2013,"http://docs.legis.wisconsin.gov/document/proposaltext/2013/REG/SB59",0.709835272955048
"1836","WI_1997_REG_AB100",1997,"http://docs.legis.wisconsin.gov/document/proposaltext/1997/REG/AB100",0.708627295466377
"2953","WI_1997_REG_SB77",1997,"http://docs.legis.wisconsin.gov/document/proposaltext/1997/REG/SB77",0.708627295466377
"2244","WI_1997_REG_AB505",1997,"http://docs.legis.wisconsin.gov/document/proposaltext/1997/REG/AB505",0.707200878222453
"1053","WI_1995_REG_SB77",1995,"http://docs.legis.wisconsin.gov/document/proposaltext/1995/REG/SB77",0.706016292584597
"10354","WI_2007_REG_SB301",2007,"http://docs.legis.wisconsin.gov/document/proposaltext/2007/REG/SB301",0.704788823712729
"9716","WI_2007_REG_AB791",2007,"http://docs.legis.wisconsin.gov/document/proposaltext/2007/REG/AB791",0.70270712804046
"14527","WI_2013_REG_AB69",2013,"http://docs.legis.wisconsin.gov/document/proposaltext/2013/REG/AB69",0.701506856198254
"15596","WI_2013_REG_SB56",2013,"http://docs.legis.wisconsin.gov/document/proposaltext/2013/REG/SB56",0.701506856198254
"14984","WI_2013_REG_AB524",2013,"http://docs.legis.wisconsin.gov/document/proposaltext/2013/REG/AB524",0.701314895148991
"15943","WI_2013_REG_SB402",2013,"http://docs.legis.wisconsin.gov/document/proposaltext/2013/REG/SB402",0.701314895148991
"12892","WI_2011_REG_AB40",2011,"http://docs.legis.wisconsin.gov/document/proposaltext/2011/REG/AB40",0.701226401091022
"13794","WI_2011_REG_SB27",2011,"http://docs.legis.wisconsin.gov/document/proposaltext/2011/REG/SB27",0.701226401091022
"9325","WI_2007_REG_AB400",2007,"http://docs.legis.wisconsin.gov/document/proposaltext/2007/REG/AB400",0.700845317829702
"4417","WI_2001_REG_SB55",2001,"http://docs.legis.wisconsin.gov/document/proposaltext/2001/REG/SB55",0.70071674752168
"2028","WI_1997_REG_AB291",1997,"http://docs.legis.wisconsin.gov/document/proposaltext/1997/REG/AB291",0.699875376613929
"3260","WI_1997_REG_SB379",1997,"http://docs.legis.wisconsin.gov/document/proposaltext/1997/REG/SB379",0.699728458884776
"9257","WI_2007_REG_AB332",2007,"http://docs.legis.wisconsin.gov/document/proposaltext/2007/REG/AB332",0.69860273191946
"14497","WI_2013_REG_AB40",2013,"http://docs.legis.wisconsin.gov/document/proposaltext/2013/REG/AB40",0.697497292276529
"10093","WI_2007_REG_SB40",2007,"http://docs.legis.wisconsin.gov/document/proposaltext/2007/REG/SB40",0.697277431298849
"1033","WI_1995_REG_SB57",1995,"http://docs.legis.wisconsin.gov/document/proposaltext/1995/REG/SB57",0.69701444566705
"10345","WI_2007_REG_SB292",2007,"http://docs.legis.wisconsin.gov/document/proposaltext/2007/REG/SB292",0.696559271932578
"11666","WI_2009_REG_AB879",2009,"http://docs.legis.wisconsin.gov/document/proposaltext/2009/REG/AB879",0.695380933459931
"12649","WI_2009_REG_SB697",2009,"http://docs.legis.wisconsin.gov/document/proposaltext/2009/REG/SB697",0.695380933459931
"12018","WI_2009_REG_SB66",2009,"http://docs.legis.wisconsin.gov/document/proposaltext/2009/REG/SB66",0.693659133730066
"2148","WI_1997_REG_AB410",1997,"http://docs.legis.wisconsin.gov/document/proposaltext/1997/REG/AB410",0.692185506606701
"136","WI_1995_REG_AB405",1995,"http://docs.legis.wisconsin.gov/document/proposaltext/1995/REG/AB405",0.690631372448674
"675","WI_1995_REG_AB937",1995,"http://docs.legis.wisconsin.gov/document/proposaltext/1995/REG/AB937",0.690135972596784
"1982","WI_1997_REG_AB245",1997,"http://docs.legis.wisconsin.gov/document/proposaltext/1997/REG/AB245",0.690135972596784
"9469","WI_2007_REG_AB544",2007,"http://docs.legis.wisconsin.gov/document/proposaltext/2007/REG/AB544",0.690081842971422
"12565","WI_2009_REG_SB613",2009,"http://docs.legis.wisconsin.gov/document/proposaltext/2009/REG/SB613",0.690072157101423
"1229","WI_1995_REG_SB253",1995,"http://docs.legis.wisconsin.gov/document/proposaltext/1995/REG/SB253",0.689796421693533
"5897","WI_2003_REG_AB945",2003,"http://docs.legis.wisconsin.gov/document/proposaltext/2003/REG/AB945",0.6890310290173
"12938","WI_2011_REG_AB86",2011,"http://docs.legis.wisconsin.gov/document/proposaltext/2011/REG/AB86",0.688757987232998
"13824","WI_2011_REG_SB57",2011,"http://docs.legis.wisconsin.gov/document/proposaltext/2011/REG/SB57",0.688757987232998
"977","WI_1995_REG_SB1",1995,"http://docs.legis.wisconsin.gov/document/proposaltext/1995/REG/SB1",0.688408310547597
"81","WI_1995_REG_AB352",1995,"http://docs.legis.wisconsin.gov/document/proposaltext/1995/REG/AB352",0.687774549593327
"11066","WI_2009_REG_AB283-engrossed",2009,"http://docs.legis.wisconsin.gov/document/proposaltext/2009/REG/AB283-engrossed",0.68759035911823
"6310","WI_2003_REG_SB224",2003,"http://docs.legis.wisconsin.gov/document/proposaltext/2003/REG/SB224",0.686908743755121
"9555","WI_2007_REG_AB630",2007,"http://docs.legis.wisconsin.gov/document/proposaltext/2007/REG/AB630",0.686873726065726
"2079","WI_1997_REG_AB342",1997,"http://docs.legis.wisconsin.gov/document/proposaltext/1997/REG/AB342",0.684683644484337
"3073","WI_1997_REG_SB195",1997,"http://docs.legis.wisconsin.gov/document/proposaltext/1997/REG/SB195",0.684683644484337
"6127","WI_2003_REG_SB44",2003,"http://docs.legis.wisconsin.gov/document/proposaltext/2003/REG/SB44",0.684462660806978
"1600","WI_1995_REG_SB624",1995,"http://docs.legis.wisconsin.gov/document/proposaltext/1995/REG/SB624",0.684332907305754
"14073","WI_2011_REG_SB304",2011,"http://docs.legis.wisconsin.gov/document/proposaltext/2011/REG/SB304",0.682948936470979
"11333","WI_2009_REG_AB547",2009,"http://docs.legis.wisconsin.gov/document/proposaltext/2009/REG/AB547",0.682068587583645
"7104","WI_2005_REG_AB443",2005,"http://docs.legis.wisconsin.gov/document/proposaltext/2005/REG/AB443",0.681473800600941
"12270","WI_2009_REG_SB318",2009,"http://docs.legis.wisconsin.gov/document/proposaltext/2009/REG/SB318",0.681336648945392
"1837","WI_1997_REG_AB100-engrossed",1997,"http://docs.legis.wisconsin.gov/document/proposaltext/1997/REG/AB100-engrossed",0.680756370224693
"2995","WI_1997_REG_SB118",1997,"http://docs.legis.wisconsin.gov/document/proposaltext/1997/REG/SB118",0.680378984167716
"5408","WI_2003_REG_AB458",2003,"http://docs.legis.wisconsin.gov/document/proposaltext/2003/REG/AB458",0.680371897862304
"8907","WI_2007_OC7_SB1",2007,"http://docs.legis.wisconsin.gov/document/proposaltext/2007/OC7/SB1",0.679687559213923
"28","WI_1995_REG_AB298",1995,"http://docs.legis.wisconsin.gov/document/proposaltext/1995/REG/AB298",0.679049660209105
"9315","WI_2007_REG_AB390",2007,"http://docs.legis.wisconsin.gov/document/proposaltext/2007/REG/AB390",0.678632554501664
"7883","WI_2005_REG_AB1220",2005,"http://docs.legis.wisconsin.gov/document/proposaltext/2005/REG/AB1220",0.677905048374245
"13523","WI_2011_REG_AB670",2011,"http://docs.legis.wisconsin.gov/document/proposaltext/2011/REG/AB670",0.67671443833359
"11286","WI_2009_REG_AB500",2009,"http://docs.legis.wisconsin.gov/document/proposaltext/2009/REG/AB500",0.676628052949261
"1794","WI_1997_REG_AB59",1997,"http://docs.legis.wisconsin.gov/document/proposaltext/1997/REG/AB59",0.675046534793841
"2946","WI_1997_REG_SB70",1997,"http://docs.legis.wisconsin.gov/document/proposaltext/1997/REG/SB70",0.674839097449103
"3738","WI_2001_REG_AB482",2001,"http://docs.legis.wisconsin.gov/document/proposaltext/2001/REG/AB482",0.674333793751246
"10938","WI_2009_REG_AB156",2009,"http://docs.legis.wisconsin.gov/document/proposaltext/2009/REG/AB156",0.672468015507923
"14639","WI_2013_REG_AB180",2013,"http://docs.legis.wisconsin.gov/document/proposaltext/2013/REG/AB180",0.672125786400743
"15714","WI_2013_REG_SB174",2013,"http://docs.legis.wisconsin.gov/document/proposaltext/2013/REG/SB174",0.672125786400743
"3975","WI_2001_REG_AB719",2001,"http://docs.legis.wisconsin.gov/document/proposaltext/2001/REG/AB719",0.671828629354966
"2080","WI_1997_REG_AB342-engrossed",1997,"http://docs.legis.wisconsin.gov/document/proposaltext/1997/REG/AB342-engrossed",0.670761428221659
"6636","WI_2003_REG_SB550",2003,"http://docs.legis.wisconsin.gov/document/proposaltext/2003/REG/SB550",0.67050749143745
"2254","WI_1997_REG_AB514-engrossed",1997,"http://docs.legis.wisconsin.gov/document/proposaltext/1997/REG/AB514-engrossed",0.670347312421531
"3970","WI_2001_REG_AB714",2001,"http://docs.legis.wisconsin.gov/document/proposaltext/2001/REG/AB714",0.669248008179233
"4736","WI_2001_REG_SB371",2001,"http://docs.legis.wisconsin.gov/document/proposaltext/2001/REG/SB371",0.669248008179233
"14526","WI_2013_REG_AB68",2013,"http://docs.legis.wisconsin.gov/document/proposaltext/2013/REG/AB68",0.669146962970772
"2616","WI_1997_REG_AB875",1997,"http://docs.legis.wisconsin.gov/document/proposaltext/1997/REG/AB875",0.669062528128679
"3379","WI_1997_REG_SB498",1997,"http://docs.legis.wisconsin.gov/document/proposaltext/1997/REG/SB498",0.668959207255486
"328","WI_1995_REG_AB594",1995,"http://docs.legis.wisconsin.gov/document/proposaltext/1995/REG/AB594",0.668931500973376
"3926","WI_2001_REG_AB670",2001,"http://docs.legis.wisconsin.gov/document/proposaltext/2001/REG/AB670",0.668799866729257
"4703","WI_2001_REG_SB338",2001,"http://docs.legis.wisconsin.gov/document/proposaltext/2001/REG/SB338",0.668799866729257
"3825","WI_2001_REG_AB569",2001,"http://docs.legis.wisconsin.gov/document/proposaltext/2001/REG/AB569",0.667827170552148
"9346","WI_2007_REG_AB421",2007,"http://docs.legis.wisconsin.gov/document/proposaltext/2007/REG/AB421",0.667139740559539
"2536","WI_1997_REG_AB795",1997,"http://docs.legis.wisconsin.gov/document/proposaltext/1997/REG/AB795",0.666797123602767
"3351","WI_1997_REG_SB470",1997,"http://docs.legis.wisconsin.gov/document/proposaltext/1997/REG/SB470",0.666797123602767
"5371","WI_2003_REG_AB421",2003,"http://docs.legis.wisconsin.gov/document/proposaltext/2003/REG/AB421",0.66678938538193
"10313","WI_2007_REG_SB260",2007,"http://docs.legis.wisconsin.gov/document/proposaltext/2007/REG/SB260",0.666541962812182
"3038","WI_1997_REG_SB160",1997,"http://docs.legis.wisconsin.gov/document/proposaltext/1997/REG/SB160",0.666341885898291
"13292","WI_2011_REG_AB439",2011,"http://docs.legis.wisconsin.gov/document/proposaltext/2011/REG/AB439",0.665565702324766
"6916","WI_2005_REG_AB255",2005,"http://docs.legis.wisconsin.gov/document/proposaltext/2005/REG/AB255",0.664672063590622
"4161","WI_2001_REG_AB903",2001,"http://docs.legis.wisconsin.gov/document/proposaltext/2001/REG/AB903",0.664114922675403
"8592","WI_2005_REG_SB530",2005,"http://docs.legis.wisconsin.gov/document/proposaltext/2005/REG/SB530",0.663827813738925
"14846","WI_2013_REG_AB387",2013,"http://docs.legis.wisconsin.gov/document/proposaltext/2013/REG/AB387",0.663233742424961
"15849","WI_2013_REG_SB308",2013,"http://docs.legis.wisconsin.gov/document/proposaltext/2013/REG/SB308",0.663233742424961
"14682","WI_2013_REG_AB223",2013,"http://docs.legis.wisconsin.gov/document/proposaltext/2013/REG/AB223",0.662682888496193
"15676","WI_2013_REG_SB136",2013,"http://docs.legis.wisconsin.gov/document/proposaltext/2013/REG/SB136",0.662497951747439
"7218","WI_2005_REG_AB557",2005,"http://docs.legis.wisconsin.gov/document/proposaltext/2005/REG/AB557",0.661940642822914
"13059","WI_2011_REG_AB207",2011,"http://docs.legis.wisconsin.gov/document/proposaltext/2011/REG/AB207",0.661923845949834
"15598","WI_2013_REG_SB58",2013,"http://docs.legis.wisconsin.gov/document/proposaltext/2013/REG/SB58",0.661923845949834
"11065","WI_2009_REG_AB283",2009,"http://docs.legis.wisconsin.gov/document/proposaltext/2009/REG/AB283",0.661347574137661
"2431","WI_1997_REG_AB690",1997,"http://docs.legis.wisconsin.gov/document/proposaltext/1997/REG/AB690",0.661301586756973
"11628","WI_2009_REG_AB841",2009,"http://docs.legis.wisconsin.gov/document/proposaltext/2009/REG/AB841",0.661250143844542
"3768","WI_2001_REG_AB512",2001,"http://docs.legis.wisconsin.gov/document/proposaltext/2001/REG/AB512",0.661162375865041
"2253","WI_1997_REG_AB514",1997,"http://docs.legis.wisconsin.gov/document/proposaltext/1997/REG/AB514",0.660265377276966
"8469","WI_2005_REG_SB408",2005,"http://docs.legis.wisconsin.gov/document/proposaltext/2005/REG/SB408",0.660244668466914
"13920","WI_2011_REG_SB152",2011,"http://docs.legis.wisconsin.gov/document/proposaltext/2011/REG/SB152",0.659537689747016
"6097","WI_2003_REG_SB14",2003,"http://docs.legis.wisconsin.gov/document/proposaltext/2003/REG/SB14",0.659518841198088
"2474","WI_1997_REG_AB733",1997,"http://docs.legis.wisconsin.gov/document/proposaltext/1997/REG/AB733",0.659458893408313
"3397","WI_1997_REG_SB516",1997,"http://docs.legis.wisconsin.gov/document/proposaltext/1997/REG/SB516",0.659242661122305
"2509","WI_1997_REG_AB768",1997,"http://docs.legis.wisconsin.gov/document/proposaltext/1997/REG/AB768",0.658886906300312
"3317","WI_1997_REG_SB436",1997,"http://docs.legis.wisconsin.gov/document/proposaltext/1997/REG/SB436",0.658886906300312
"2906","WI_1997_REG_SB30",1997,"http://docs.legis.wisconsin.gov/document/proposaltext/1997/REG/SB30",0.658094696567774
"10249","WI_2007_REG_SB196",2007,"http://docs.legis.wisconsin.gov/document/proposaltext/2007/REG/SB196",0.657718404831253
"2313","WI_1997_REG_AB573",1997,"http://docs.legis.wisconsin.gov/document/proposaltext/1997/REG/AB573",0.657612700749651
"25","WI_1995_REG_AB295",1995,"http://docs.legis.wisconsin.gov/document/proposaltext/1995/REG/AB295",0.657349717456296
"9491","WI_2007_REG_AB566",2007,"http://docs.legis.wisconsin.gov/document/proposaltext/2007/REG/AB566",0.657107562504495
"3870","WI_2001_REG_AB614",2001,"http://docs.legis.wisconsin.gov/document/proposaltext/2001/REG/AB614",0.656949293151539
"4672","WI_2001_REG_SB307",2001,"http://docs.legis.wisconsin.gov/document/proposaltext/2001/REG/SB307",0.656949293151539
"1422","WI_1995_REG_SB446",1995,"http://docs.legis.wisconsin.gov/document/proposaltext/1995/REG/SB446",0.656657088397733
"9424","WI_2007_REG_AB499",2007,"http://docs.legis.wisconsin.gov/document/proposaltext/2007/REG/AB499",0.656396001558832
"13513","WI_2011_REG_AB660",2011,"http://docs.legis.wisconsin.gov/document/proposaltext/2011/REG/AB660",0.653656035940075
"1761","WI_1997_REG_AB26",1997,"http://docs.legis.wisconsin.gov/document/proposaltext/1997/REG/AB26",0.653517840575856
"7447","WI_2005_REG_AB784",2005,"http://docs.legis.wisconsin.gov/document/proposaltext/2005/REG/AB784",0.653329294073263
"3737","WI_2001_REG_AB481",2001,"http://docs.legis.wisconsin.gov/document/proposaltext/2001/REG/AB481",0.650797186645845
"2605","WI_1997_REG_AB864",1997,"http://docs.legis.wisconsin.gov/document/proposaltext/1997/REG/AB864",0.650699023752721
"7754","WI_2005_REG_AB1091",2005,"http://docs.legis.wisconsin.gov/document/proposaltext/2005/REG/AB1091",0.649991447906258
"8379","WI_2005_REG_SB318",2005,"http://docs.legis.wisconsin.gov/document/proposaltext/2005/REG/SB318",0.649991447906258
"3197","WI_1997_REG_SB317",1997,"http://docs.legis.wisconsin.gov/document/proposaltext/1997/REG/SB317",0.64879713116922
"8309","WI_2005_REG_SB248",2005,"http://docs.legis.wisconsin.gov/document/proposaltext/2005/REG/SB248",0.648214472751583
"14529","WI_2013_REG_AB71",2013,"http://docs.legis.wisconsin.gov/document/proposaltext/2013/REG/AB71",0.648202641254115
"1076","WI_1995_REG_SB100",1995,"http://docs.legis.wisconsin.gov/document/proposaltext/1995/REG/SB100",0.648125110688449
"9322","WI_2007_REG_AB397",2007,"http://docs.legis.wisconsin.gov/document/proposaltext/2007/REG/AB397",0.647430931509333
"6300","WI_2003_REG_SB214-engrossed",2003,"http://docs.legis.wisconsin.gov/document/proposaltext/2003/REG/SB214-engrossed",0.646670506449335
"3609","WI_2001_REG_AB354",2001,"http://docs.legis.wisconsin.gov/document/proposaltext/2001/REG/AB354",0.64666216121909
"8356","WI_2005_REG_SB295",2005,"http://docs.legis.wisconsin.gov/document/proposaltext/2005/REG/SB295",0.645846635842232
"3409","WI_1997_REG_SB528",1997,"http://docs.legis.wisconsin.gov/document/proposaltext/1997/REG/SB528",0.645728988813709
"11359","WI_2009_REG_AB573",2009,"http://docs.legis.wisconsin.gov/document/proposaltext/2009/REG/AB573",0.645219486681063
"2528","WI_1997_REG_AB787",1997,"http://docs.legis.wisconsin.gov/document/proposaltext/1997/REG/AB787",0.645187283739053
"3330","WI_1997_REG_SB449",1997,"http://docs.legis.wisconsin.gov/document/proposaltext/1997/REG/SB449",0.645187283739053
"2924","WI_1997_REG_SB48",1997,"http://docs.legis.wisconsin.gov/document/proposaltext/1997/REG/SB48",0.644750378200927
"10353","WI_2007_REG_SB300",2007,"http://docs.legis.wisconsin.gov/document/proposaltext/2007/REG/SB300",0.644686771834986
"13358","WI_2011_REG_AB505",2011,"http://docs.legis.wisconsin.gov/document/proposaltext/2011/REG/AB505",0.644476376587637
"14153","WI_2011_REG_SB384",2011,"http://docs.legis.wisconsin.gov/document/proposaltext/2011/REG/SB384",0.644476376587637
"1158","WI_1995_REG_SB182",1995,"http://docs.legis.wisconsin.gov/document/proposaltext/1995/REG/SB182",0.644394110801945
"7253","WI_2005_REG_AB591",2005,"http://docs.legis.wisconsin.gov/document/proposaltext/2005/REG/AB591",0.644296807665917
"11680","WI_2009_REG_AB893",2009,"http://docs.legis.wisconsin.gov/document/proposaltext/2009/REG/AB893",0.64377712559325
"8674","WI_2005_REG_SB612",2005,"http://docs.legis.wisconsin.gov/document/proposaltext/2005/REG/SB612",0.643685810478071
"12583","WI_2009_REG_SB631",2009,"http://docs.legis.wisconsin.gov/document/proposaltext/2009/REG/SB631",0.643430381361418
"8464","WI_2005_REG_SB403",2005,"http://docs.legis.wisconsin.gov/document/proposaltext/2005/REG/SB403",0.643020070484247
"9134","WI_2007_REG_AB209",2007,"http://docs.legis.wisconsin.gov/document/proposaltext/2007/REG/AB209",0.642202312267852
"10156","WI_2007_REG_SB103",2007,"http://docs.legis.wisconsin.gov/document/proposaltext/2007/REG/SB103",0.641941400031004
"7425","WI_2005_REG_AB763",2005,"http://docs.legis.wisconsin.gov/document/proposaltext/2005/REG/AB763",0.641938269937402
"2393","WI_1997_REG_AB653",1997,"http://docs.legis.wisconsin.gov/document/proposaltext/1997/REG/AB653",0.641802046394471
"1958","WI_1997_REG_AB221",1997,"http://docs.legis.wisconsin.gov/document/proposaltext/1997/REG/AB221",0.641719879262213
"13060","WI_2011_REG_AB208",2011,"http://docs.legis.wisconsin.gov/document/proposaltext/2011/REG/AB208",0.640498541224555
"15600","WI_2013_REG_SB60",2013,"http://docs.legis.wisconsin.gov/document/proposaltext/2013/REG/SB60",0.640498541224555
"6844","WI_2005_REG_AB183",2005,"http://docs.legis.wisconsin.gov/document/proposaltext/2005/REG/AB183",0.64027683449353
"8203","WI_2005_REG_SB142",2005,"http://docs.legis.wisconsin.gov/document/proposaltext/2005/REG/SB142",0.64012799839671
"8139","WI_2005_REG_SB78",2005,"http://docs.legis.wisconsin.gov/document/proposaltext/2005/REG/SB78",0.640058228599669
"6644","WI_2003_REG_SB558",2003,"http://docs.legis.wisconsin.gov/document/proposaltext/2003/REG/SB558",0.639919997581686
"12988","WI_2011_REG_AB136",2011,"http://docs.legis.wisconsin.gov/document/proposaltext/2011/REG/AB136",0.63968814197368
"6650","WI_2003_REG_SB564",2003,"http://docs.legis.wisconsin.gov/document/proposaltext/2003/REG/SB564",0.639615319879849
"4474","WI_2001_REG_SB110-engrossed",2001,"http://docs.legis.wisconsin.gov/document/proposaltext/2001/REG/SB110-engrossed",0.639600349181591
"4728","WI_2001_REG_SB363",2001,"http://docs.legis.wisconsin.gov/document/proposaltext/2001/REG/SB363",0.63942915243638
"2703","WI_1997_REG_AB962",1997,"http://docs.legis.wisconsin.gov/document/proposaltext/1997/REG/AB962",0.639218112917319
"6936","WI_2005_REG_AB275",2005,"http://docs.legis.wisconsin.gov/document/proposaltext/2005/REG/AB275",0.639137040804008
"1884","WI_1997_REG_AB147",1997,"http://docs.legis.wisconsin.gov/document/proposaltext/1997/REG/AB147",0.63872415029643
"4473","WI_2001_REG_SB110",2001,"http://docs.legis.wisconsin.gov/document/proposaltext/2001/REG/SB110",0.638263973300406
"10861","WI_2009_REG_AB79",2009,"http://docs.legis.wisconsin.gov/document/proposaltext/2009/REG/AB79",0.63821162112765
"2258","WI_1997_REG_AB518",1997,"http://docs.legis.wisconsin.gov/document/proposaltext/1997/REG/AB518",0.637684468426994
"3129","WI_1997_REG_SB251",1997,"http://docs.legis.wisconsin.gov/document/proposaltext/1997/REG/SB251",0.637684468426994
"2234","WI_1997_REG_AB495",1997,"http://docs.legis.wisconsin.gov/document/proposaltext/1997/REG/AB495",0.636965949631672
"13922","WI_2011_REG_SB154",2011,"http://docs.legis.wisconsin.gov/document/proposaltext/2011/REG/SB154",0.636851159830429
"5086","WI_2003_REG_AB137",2003,"http://docs.legis.wisconsin.gov/document/proposaltext/2003/REG/AB137",0.636605694711713
"15306","WI_2013_REG_AB846",2013,"http://docs.legis.wisconsin.gov/document/proposaltext/2013/REG/AB846",0.636267494662676
"11112","WI_2009_REG_AB329",2009,"http://docs.legis.wisconsin.gov/document/proposaltext/2009/REG/AB329",0.636156888393838
"5639","WI_2003_REG_AB687",2003,"http://docs.legis.wisconsin.gov/document/proposaltext/2003/REG/AB687",0.635957402323157
"15278","WI_2013_REG_AB818",2013,"http://docs.legis.wisconsin.gov/document/proposaltext/2013/REG/AB818",0.635099353386806
"7314","WI_2005_REG_AB652",2005,"http://docs.legis.wisconsin.gov/document/proposaltext/2005/REG/AB652",0.635088521255296
"15080","WI_2013_REG_AB620",2013,"http://docs.legis.wisconsin.gov/document/proposaltext/2013/REG/AB620",0.634943248475578
"16033","WI_2013_REG_SB492",2013,"http://docs.legis.wisconsin.gov/document/proposaltext/2013/REG/SB492",0.634943248475578
"1615","WI_1995_REG_SB639",1995,"http://docs.legis.wisconsin.gov/document/proposaltext/1995/REG/SB639",0.634898912988679
"12082","WI_2009_REG_SB130",2009,"http://docs.legis.wisconsin.gov/document/proposaltext/2009/REG/SB130",0.634153323051148
"3923","WI_2001_REG_AB667",2001,"http://docs.legis.wisconsin.gov/document/proposaltext/2001/REG/AB667",0.633830562479569
"4700","WI_2001_REG_SB335",2001,"http://docs.legis.wisconsin.gov/document/proposaltext/2001/REG/SB335",0.633830562479569
"7605","WI_2005_REG_AB942",2005,"http://docs.legis.wisconsin.gov/document/proposaltext/2005/REG/AB942",0.633192923276781
"13562","WI_2011_REG_AB709",2011,"http://docs.legis.wisconsin.gov/document/proposaltext/2011/REG/AB709",0.632865805781634
"10599","WI_2007_REG_SB546",2007,"http://docs.legis.wisconsin.gov/document/proposaltext/2007/REG/SB546",0.632393951376464
"3378","WI_1997_REG_SB497",1997,"http://docs.legis.wisconsin.gov/document/proposaltext/1997/REG/SB497",0.632042056167673
"13061","WI_2011_REG_AB209",2011,"http://docs.legis.wisconsin.gov/document/proposaltext/2011/REG/AB209",0.63179650523921
"11026","WI_2009_REG_AB244",2009,"http://docs.legis.wisconsin.gov/document/proposaltext/2009/REG/AB244",0.63105151342527
"3157","WI_1997_REG_SB279",1997,"http://docs.legis.wisconsin.gov/document/proposaltext/1997/REG/SB279",0.630281376040772
"6962","WI_2005_REG_AB301",2005,"http://docs.legis.wisconsin.gov/document/proposaltext/2005/REG/AB301",0.629938435163688
"2304","WI_1997_REG_AB564",1997,"http://docs.legis.wisconsin.gov/document/proposaltext/1997/REG/AB564",0.629373590811713
"13556","WI_2011_REG_AB703",2011,"http://docs.legis.wisconsin.gov/document/proposaltext/2011/REG/AB703",0.628705344595885
"6912","WI_2005_REG_AB251",2005,"http://docs.legis.wisconsin.gov/document/proposaltext/2005/REG/AB251",0.628401426027426
"15270","WI_2013_REG_AB810",2013,"http://docs.legis.wisconsin.gov/document/proposaltext/2013/REG/AB810",0.628171723620423
"13258","WI_2011_REG_AB405",2011,"http://docs.legis.wisconsin.gov/document/proposaltext/2011/REG/AB405",0.627646155287752
"8642","WI_2005_REG_SB580",2005,"http://docs.legis.wisconsin.gov/document/proposaltext/2005/REG/SB580",0.627537945972434
"2658","WI_1997_REG_AB917",1997,"http://docs.legis.wisconsin.gov/document/proposaltext/1997/REG/AB917",0.626894062814505
"10933","WI_2009_REG_AB151",2009,"http://docs.legis.wisconsin.gov/document/proposaltext/2009/REG/AB151",0.626855522859047
"11129","WI_2009_REG_AB346",2009,"http://docs.legis.wisconsin.gov/document/proposaltext/2009/REG/AB346",0.626414180037439
"6604","WI_2003_REG_SB518",2003,"http://docs.legis.wisconsin.gov/document/proposaltext/2003/REG/SB518",0.626216852127713
"13297","WI_2011_REG_AB444",2011,"http://docs.legis.wisconsin.gov/document/proposaltext/2011/REG/AB444",0.625713715616358
"14098","WI_2011_REG_SB329",2011,"http://docs.legis.wisconsin.gov/document/proposaltext/2011/REG/SB329",0.625713715616358
"9816","WI_2007_REG_AB891",2007,"http://docs.legis.wisconsin.gov/document/proposaltext/2007/REG/AB891",0.625674431461024
"10587","WI_2007_REG_SB534",2007,"http://docs.legis.wisconsin.gov/document/proposaltext/2007/REG/SB534",0.625674431461024
"13937","WI_2011_REG_SB169",2011,"http://docs.legis.wisconsin.gov/document/proposaltext/2011/REG/SB169",0.625336570034157
"3546","WI_2001_REG_AB291",2001,"http://docs.legis.wisconsin.gov/document/proposaltext/2001/REG/AB291",0.625250898140871
"7528","WI_2005_REG_AB865",2005,"http://docs.legis.wisconsin.gov/document/proposaltext/2005/REG/AB865",0.625128751860919
"5875","WI_2003_REG_AB923",2003,"http://docs.legis.wisconsin.gov/document/proposaltext/2003/REG/AB923",0.624657122700827
"7331","WI_2005_REG_AB669",2005,"http://docs.legis.wisconsin.gov/document/proposaltext/2005/REG/AB669",0.623717824793546
"13302","WI_2011_REG_AB449",2011,"http://docs.legis.wisconsin.gov/document/proposaltext/2011/REG/AB449",0.622978475409011
"9836","WI_2007_REG_AB911",2007,"http://docs.legis.wisconsin.gov/document/proposaltext/2007/REG/AB911",0.622517030259941
"12595","WI_2009_REG_SB643",2009,"http://docs.legis.wisconsin.gov/document/proposaltext/2009/REG/SB643",0.622373855412537
"11007","WI_2009_REG_AB225",2009,"http://docs.legis.wisconsin.gov/document/proposaltext/2009/REG/AB225",0.621983816970175
"11701","WI_2009_REG_AB914",2009,"http://docs.legis.wisconsin.gov/document/proposaltext/2009/REG/AB914",0.621093123639081
"4194","WI_2001_REG_AB936",2001,"http://docs.legis.wisconsin.gov/document/proposaltext/2001/REG/AB936",0.62107498690646
"78","WI_1995_REG_AB348",1995,"http://docs.legis.wisconsin.gov/document/proposaltext/1995/REG/AB348",0.620607702322071
"9671","WI_2007_REG_AB746",2007,"http://docs.legis.wisconsin.gov/document/proposaltext/2007/REG/AB746",0.620356794680829
"10454","WI_2007_REG_SB401",2007,"http://docs.legis.wisconsin.gov/document/proposaltext/2007/REG/SB401",0.620356794680829
"2116","WI_1997_REG_AB378",1997,"http://docs.legis.wisconsin.gov/document/proposaltext/1997/REG/AB378",0.620028186693346
"11721","WI_2009_REG_AB934",2009,"http://docs.legis.wisconsin.gov/document/proposaltext/2009/REG/AB934",0.619265215661582
"3931","WI_2001_REG_AB675",2001,"http://docs.legis.wisconsin.gov/document/proposaltext/2001/REG/AB675",0.619148804226505
"4722","WI_2001_REG_SB357",2001,"http://docs.legis.wisconsin.gov/document/proposaltext/2001/REG/SB357",0.619148804226505
"14119","WI_2011_REG_SB350",2011,"http://docs.legis.wisconsin.gov/document/proposaltext/2011/REG/SB350",0.619084724496093
"14054","WI_2011_REG_SB285",2011,"http://docs.legis.wisconsin.gov/document/proposaltext/2011/REG/SB285",0.618787521908084
"4717","WI_2001_REG_SB352",2001,"http://docs.legis.wisconsin.gov/document/proposaltext/2001/REG/SB352",0.618011774290861
"13095","WI_2011_REG_AB243",2011,"http://docs.legis.wisconsin.gov/document/proposaltext/2011/REG/AB243",0.617684742537933
